nx,ny,nz,atoms,cpp_time_sec,python_time_sec
10,10,10,4000,5.524727676005568,7.463618027017219
20,10,10,8000,12.721619814983569,16.317942926019896
20,20,10,16000,31.650955427001463,38.10251357400557
20,20,20,32000,66.09571076501743,81.02956031498616
40,20,20,64000,149.16389344501658,177.89704645899474
40,40,20,128000,323.2729039780097,371.44850630202563
40,40,40,256000,640.8367607060063,739.7827295579773
80,40,40,512000,1330.7883511020045,1563.4365281270002
80,80,40,1024000,2740.973102166987,3113.857190488983
